,sacrum height,hump position,horn length,withers height,muzzle circumference,stripe mullet,body length,tail length,distance base horn,head length,sex,age,genotype
0,91.5,0,12.5,92.0,36.0,0,67.5,85.0,13.0,39.0,1,3.0,1
1,93.0,0,13.5,92.5,36.5,0,76.0,78.0,13.0,39.5,0,5.0,1
2,88.5,0,0.0,84.0,37.0,0,74.0,70.0,10.5,35.5,0,9.0,1
3,91.0,0,8.0,89.0,35.5,0,80.0,81.0,14.5,42.0,0,10.0,1
4,93.0,0,15.0,91.0,34.0,0,74.0,90.0,14.5,41.5,1,3.0,1
5,95.0,0,23.0,91.0,44.0,0,73.0,105.5,13.5,39.5,0,8.0,1
6,98.0,0,28.5,95.0,37.0,0,84.5,97.0,16.0,42.0,0,6.0,1
7,96.0,0,7.0,90.0,34.0,0,73.0,100.0,13.0,36.0,0,7.0,1
8,95.0,0,18.5,98.0,38.0,1,76.0,88.0,14.0,40.0,0,15.0,1
9,95.5,0,16.0,93.0,37.5,0,80.0,85.0,13.0,38.5,1,4.0,1
10,95.5,0,15.0,93.0,35.0,0,91.0,96.0,12.5,44.5,1,10.0,1
11,95.0,0,21.0,96.0,37.5,0,79.0,67.5,11.0,41.0,0,16.0,1
12,94.0,0,12.0,93.0,34.0,0,70.0,88.0,12.0,38.0,0,8.0,1
13,97.0,0,16.0,92.0,37.0,0,71.0,92.0,12.0,38.0,0,8.0,1
14,93.0,0,11.0,91.0,34.0,0,74.5,95.0,13.0,38.0,0,6.0,1
15,108.0,0,8.5,103.0,29.5,1,61.0,84.0,11.5,40.0,0,2.0,1
16,97.0,0,17.0,93.0,37.5,0,67.0,89.0,13.0,41.5,1,3.0,1
17,100.0,0,12.5,94.0,33.5,0,86.0,86.0,13.5,44.0,0,5.0,1
18,93.0,0,20.0,91.0,37.5,0,80.0,86.0,15.0,40.0,0,5.0,1
19,99.0,0,10.0,96.0,39.0,0,72.5,82.0,16.5,44.0,1,3.0,1
20,98.0,0,21.5,93.0,37.5,0,86.5,92.0,13.5,41.0,0,10.0,1
21,93.0,0,12.0,95.0,34.0,0,96.5,88.0,11.0,40.0,0,12.0,1
22,96.5,0,13.5,94.0,35.0,0,77.0,97.0,13.0,40.0,0,6.0,1
23,94.0,0,11.0,90.0,35.0,0,71.0,80.0,15.0,39.0,0,6.0,1
24,89.5,0,11.0,90.0,35.0,0,71.5,87.5,14.0,40.5,1,4.0,1
25,79.5,0,8.0,78.0,30.0,0,50.0,62.0,10.5,33.0,1,3.0,1
26,92.5,0,19.0,90.0,38.0,0,71.0,98.0,12.5,41.5,0,6.0,1
27,31.0,0,18.0,88.5,36.0,0,69.0,91.0,14.0,39.0,0,7.0,1
28,110.0,0,18.0,98.0,35.5,0,67.5,96.0,12.5,41.0,0,4.0,1
29,100.0,0,20.5,103.0,42.5,0,92.0,101.0,16.5,47.0,1,9.0,1
30,90.0,0,5.5,88.0,31.0,0,63.5,87.0,12.0,35.5,0,3.0,1
31,100.0,0,11.5,93.5,37.0,0,84.0,95.0,15.5,42.0,1,4.0,1
32,91.0,0,12.5,93.0,36.5,0,77.0,91.0,14.0,37.0,0,11.0,1
33,100.0,0,17.5,95.5,35.0,1,71.5,104.0,14.0,40.0,0,11.0,1
34,91.5,0,5.5,91.0,36.0,0,72.0,67.0,13.0,41.5,0,9.0,1
35,96.0,0,14.0,95.0,35.0,1,83.0,86.0,13.0,40.0,0,12.0,1
36,96.0,0,17.0,95.0,40.0,0,79.5,94.5,15.0,44.0,1,6.0,1
37,98.0,0,15.0,93.0,38.0,0,65.0,85.0,16.0,41.0,0,9.0,1
38,100.5,0,11.0,99.0,40.0,0,81.0,93.0,13.0,41.0,1,3.0,1
39,94.5,0,13.5,95.5,35.0,0,75.0,87.5,13.0,38.0,0,11.0,1
40,93.5,0,8.0,96.0,34.0,0,61.5,88.0,14.0,39.0,0,7.0,1
41,93.5,0,10.0,95.0,35.0,0,71.5,95.0,12.5,43.0,0,6.0,1
42,95.0,0,7.0,96.0,39.0,0,73.0,90.0,14.0,38.0,0,9.0,1
43,97.0,0,4.0,95.0,40.0,0,63.0,103.0,14.0,40.0,1,9.0,1
44,93.0,0,11.0,91.5,37.0,1,71.0,106.5,16.5,38.0,0,4.0,1
45,117.0,0,31.0,112.0,46.0,0,80.0,124.0,14.0,44.0,1,9.0,1
46,93.5,0,14.0,92.0,31.0,0,60.0,87.5,13.0,38.0,0,4.0,1
47,97.0,0,15.0,96.0,36.0,0,75.0,78.0,15.0,40.0,0,5.0,1
48,89.5,0,9.0,89.0,38.0,0,66.0,97.0,12.0,36.5,0,7.0,1
49,93.5,0,18.5,92.0,37.0,0,69.0,90.0,11.0,37.0,0,7.0,1
50,95.0,0,16.0,91.0,42.0,0,86.0,82.0,14.0,39.0,1,8.0,1
51,101.0,0,10.5,95.0,38.0,0,75.0,94.4,14.0,41.0,0,6.0,1
52,105.0,0,21.5,100.0,40.5,0,78.5,87.0,15.0,40.0,0,6.0,1
53,105.0,0,16.5,97.5,38.0,0,92.5,85.0,13.0,41.0,1,5.0,1
54,94.0,0,18.0,92.5,36.0,0,73.0,96.0,11.5,40.0,0,6.0,1
55,87.0,0,19.0,88.0,36.0,0,67.0,85.0,10.5,39.0,0,9.0,1
56,95.0,0,15.5,92.5,36.5,0,79.5,88.0,13.5,41.0,0,4.0,1
57,99.0,0,13.5,96.5,36.0,0,71.0,85.0,13.0,41.0,0,4.0,1
58,101.0,0,19.5,97.5,37.5,0,79.0,87.0,14.0,40.5,0,3.0,1
59,89.0,0,16.0,88.0,38.5,0,90.0,84.0,10.0,40.0,1,4.0,1
60,91.0,0,10.0,88.0,39.0,0,75.0,91.0,16.0,41.0,0,5.0,1
61,96.5,0,11.0,93.5,34.0,0,83.0,81.0,14.0,42.0,0,5.0,1
62,99.0,0,13.5,97.0,40.0,0,80.0,90.0,13.0,40.0,1,4.0,1
63,96.5,0,15.0,95.0,40.0,1,82.0,92.0,13.5,40.0,0,5.0,1
64,99.5,0,13.0,93.0,35.0,0,75.0,89.0,13.5,40.0,0,3.0,1
65,94.0,0,15.0,93.5,42.0,0,82.0,93.0,15.0,40.0,0,8.0,1
66,88.0,0,14.0,91.0,36.0,0,76.0,87.0,16.0,40.0,1,4.0,1
67,96.0,0,21.5,93.0,36.0,0,71.0,92.0,14.0,39.0,0,8.0,1
68,100.0,0,11.0,97.0,38.0,0,71.0,82.0,14.5,37.0,0,3.0,1
69,99.0,0,16.5,95.0,38.0,0,71.0,82.0,14.0,40.0,0,5.0,1
70,91.5,0,23.0,93.5,37.0,0,79.0,87.0,13.5,41.0,0,8.0,1
71,98.5,0,16.0,95.5,36.0,0,82.0,93.0,17.0,45.0,1,4.0,1
72,92.0,0,7.0,93.5,34.0,0,75.5,82.0,14.5,38.0,0,3.0,1
73,95.0,0,13.0,90.0,38.5,0,77.0,87.0,13.0,40.0,0,7.0,1
74,96.0,0,10.5,92.0,36.0,0,79.0,77.0,14.5,39.0,0,5.0,1
75,95.0,0,16.5,97.0,34.5,0,74.4,97.5,13.5,42.0,0,10.0,1
76,102.0,0,21.0,98.0,42.5,0,73.5,91.0,11.5,41.0,0,10.0,1
77,95.0,0,13.5,93.0,33.0,0,68.0,79.0,13.5,40.0,0,10.0,1
78,99.0,0,17.5,98.5,41.0,0,94.0,97.0,15.5,42.0,1,8.0,1
79,93.0,0,10.0,95.0,32.0,0,80.5,82.5,12.0,37.0,0,4.0,1
80,89.0,0,25.0,90.0,34.0,1,77.0,82.5,14.0,41.0,0,6.0,1
81,97.0,0,17.0,94.0,35.0,0,79.0,0.0,11.0,41.0,0,8.0,1
82,93.0,0,21.0,95.0,33.0,0,79.0,96.0,11.5,37.0,0,8.0,1
83,93.5,0,20.0,87.5,33.0,0,80.0,91.0,13.0,40.0,0,6.0,1
84,89.5,0,18.5,91.5,32.5,0,74.0,84.0,15.0,41.0,0,6.0,1
85,94.5,0,8.0,91.0,35.0,1,69.0,94.5,13.0,41.0,0,4.0,1
86,94.0,0,15.5,94.0,35.0,0,77.0,80.0,12.5,38.0,0,6.0,1
87,90.5,0,8.0,90.0,35.0,0,80.0,95.0,14.0,39.0,0,5.0,1
88,87.0,0,11.0,85.0,32.5,0,75.0,85.0,13.0,39.0,0,5.0,1
89,92.0,0,16.0,93.0,37.0,0,78.0,88.0,12.0,39.0,0,7.0,1
90,95.5,0,14.0,93.0,32.0,1,84.0,92.0,13.0,43.0,0,17.0,1
91,96.0,0,23.0,95.5,33.0,1,81.0,91.0,12.0,42.0,0,9.0,1
92,101.0,0,21.0,98.0,34.0,0,71.5,81.5,13.5,42.0,0,10.0,1
93,98.5,0,9.0,96.0,34.0,0,77.0,88.0,12.0,38.0,0,9.0,1
94,95.0,0,8.0,95.0,37.0,0,76.0,91.0,15.0,42.0,0,9.0,1
95,98.5,0,13.0,97.0,40.0,0,75.0,80.0,13.0,40.0,1,7.0,1
96,96.5,0,8.0,90.0,35.0,0,77.0,85.0,12.0,42.0,0,6.0,1
97,97.5,0,17.0,99.0,35.0,0,89.0,71.0,15.0,41.0,0,8.0,1
98,91.0,0,18.0,88.0,36.0,0,73.0,75.0,12.0,40.0,0,8.0,1
99,89.0,0,14.0,89.0,32.0,0,57.0,75.0,13.0,38.0,1,8.0,1
100,95.0,0,23.0,92.0,37.0,0,76.0,77.0,12.0,38.0,0,6.0,1
101,91.0,0,15.0,88.0,37.0,0,67.0,80.0,13.0,39.0,0,8.0,1
102,95.0,0,12.0,96.5,35.0,0,74.0,77.0,15.0,40.0,1,5.0,1
103,91.5,0,16.0,90.0,36.0,0,73.0,77.0,15.0,36.0,0,7.0,1
104,93.0,0,17.0,93.0,37.0,0,72.0,97.0,15.0,42.0,0,6.0,1
105,94.5,0,18.0,93.0,37.0,0,86.0,99.0,14.0,40.0,1,6.0,1
106,95.0,0,8.0,93.0,36.0,0,78.0,91.0,12.0,41.0,0,5.0,1
107,98.0,0,13.0,95.5,35.0,0,72.0,84.0,12.0,41.0,0,4.0,1
108,94.0,0,10.5,92.0,38.0,0,67.0,86.0,12.0,41.0,0,3.0,1
109,94.0,0,13.0,93.0,35.0,0,82.0,86.0,12.0,38.0,1,5.0,1
110,97.5,0,17.0,95.0,38.5,0,89.0,89.0,10.5,43.0,1,5.0,1
111,54.0,0,6.0,93.0,37.0,0,75.0,94.0,13.0,39.0,0,10.0,1
112,101.0,0,15.0,100.0,38.5,0,69.0,95.0,15.0,40.0,1,5.0,1
113,98.0,0,17.0,95.0,38.0,0,91.5,86.0,13.0,42.0,0,8.0,1
114,97.0,0,14.0,89.0,35.0,0,74.0,80.0,11.5,38.0,0,8.0,1
115,106.0,0,21.0,103.0,44.0,0,82.0,91.0,13.5,42.0,0,10.0,1
116,105.0,0,18.0,105.0,45.0,0,92.0,104.0,14.0,40.0,1,5.0,1
117,91.0,0,11.5,91.0,38.0,0,85.0,96.0,11.5,39.0,0,8.0,1
118,98.0,0,10.0,96.0,37.0,0,78.0,96.0,14.0,42.0,1,4.0,1
119,94.0,0,13.5,90.0,38.0,1,76.0,67.5,12.0,41.0,0,10.0,1
120,95.5,0,18.5,94.5,35.0,0,80.0,89.0,15.0,39.0,0,11.0,1
121,96.5,0,17.0,96.0,38.0,0,83.0,97.0,16.0,41.0,1,8.0,1
122,98.0,0,7.0,96.0,35.0,0,82.0,84.0,12.5,41.0,0,10.0,1
123,93.5,0,0.0,94.5,35.5,0,74.0,84.0,0.0,38.0,0,6.0,1
124,101.5,0,9.0,97.5,32.0,0,75.0,94.0,13.5,36.0,0,12.0,1
125,90.0,0,7.0,88.0,34.0,0,67.5,76.0,12.0,36.0,0,7.0,1
126,99.0,0,9.0,95.5,34.0,0,76.0,86.0,14.5,38.0,0,10.0,1
127,99.0,0,12.0,97.5,36.0,0,71.0,73.0,14.0,40.0,1,3.0,1
128,98.0,0,13.0,97.0,37.0,0,78.0,83.0,13.0,41.0,1,10.0,1
129,94.0,0,10.0,94.5,37.0,0,73.0,80.0,13.0,38.0,0,8.0,1
130,96.0,0,17.0,97.0,35.0,0,70.0,85.0,15.0,37.0,0,6.0,1
131,95.5,0,10.0,94.0,35.0,0,67.0,89.0,15.5,41.0,1,4.0,1
132,99.0,0,19.0,95.0,37.0,0,78.0,87.5,14.0,40.0,0,15.0,1
133,95.0,0,12.0,98.0,39.0,0,86.0,94.0,14.0,42.0,1,15.0,1
134,97.0,0,19.0,98.0,34.0,0,71.0,83.0,12.0,40.0,0,8.0,1
135,89.0,0,9.0,91.0,31.0,0,70.0,89.0,11.0,38.0,0,6.0,1
136,96.0,0,12.0,95.0,36.0,0,78.0,97.0,13.0,37.0,1,6.0,1
137,95.0,0,18.0,94.0,39.0,0,70.0,88.0,13.5,39.0,0,8.0,1
138,94.0,0,17.5,95.0,38.0,0,77.0,78.0,13.0,39.0,0,8.0,1
139,98.5,0,12.0,96.5,36.0,0,77.0,88.0,13.5,38.0,1,6.0,1
140,98.0,0,16.0,94.0,33.0,0,72.0,87.0,13.0,37.0,0,12.0,1
141,95.0,0,9.0,97.0,37.0,0,85.0,87.0,13.0,41.0,1,8.0,1
142,99.0,0,9.0,97.0,36.0,0,75.0,81.0,16.0,39.0,0,10.0,1
143,97.0,0,11.0,98.0,41.0,0,85.0,83.0,13.5,40.0,1,14.0,1
144,95.0,0,9.5,93.0,39.0,0,73.0,71.0,12.5,39.0,0,13.0,1
145,97.0,0,9.0,96.5,31.0,0,73.0,87.0,13.0,41.0,0,6.0,1
146,98.0,0,16.0,97.0,38.0,0,79.0,100.0,12.0,43.0,1,6.0,1
147,93.0,0,8.0,93.5,35.0,0,79.0,93.0,11.0,43.0,0,7.0,1
148,98.5,0,15.0,98.0,35.0,0,83.0,97.0,14.0,41.0,0,5.0,0
149,95.0,0,20.5,93.0,33.0,0,85.0,98.0,12.5,42.5,0,10.0,0
150,111.0,0,23.0,103.0,35.0,0,81.0,103.0,14.0,44.0,0,5.0,0
151,121.0,1,38.0,112.0,36.0,0,89.0,118.0,12.0,53.0,0,5.0,0
152,112.0,1,28.0,110.0,33.0,0,95.0,114.0,13.5,45.0,0,4.0,0
153,113.0,1,22.0,109.0,34.0,0,90.0,114.0,11.5,46.0,1,3.0,0
154,124.0,1,30.5,120.5,37.0,0,91.0,121.0,16.0,50.0,0,6.0,0
155,109.0,1,26.0,104.0,34.0,0,91.5,117.0,12.0,44.0,0,5.0,0
156,115.0,1,28.0,112.0,35.0,0,84.0,113.0,16.0,48.0,1,6.0,0
157,109.0,1,26.0,103.0,35.0,0,83.0,85.0,14.5,44.0,1,3.0,0
158,119.0,1,27.0,110.0,33.0,0,90.0,115.5,15.0,44.0,0,4.0,0
159,125.0,1,29.0,116.0,35.0,0,90.0,108.0,14.0,48.0,0,4.0,0
160,113.0,0,22.5,112.0,35.0,0,88.0,105.0,13.0,45.0,1,5.0,0
161,122.0,0,37.0,117.0,36.0,0,100.0,115.0,14.0,48.0,0,7.0,0
162,109.0,0,28.0,104.0,33.0,0,93.0,101.0,11.0,45.0,0,6.0,0
163,109.0,0,29.0,106.0,34.0,0,92.0,106.0,10.0,42.0,0,8.0,0
164,109.0,0,25.5,105.0,34.0,0,83.0,106.0,12.0,46.0,0,6.0,0
165,105.0,0,24.0,102.0,35.0,0,95.0,116.0,13.0,44.0,0,10.0,0
166,128.0,1,32.0,118.0,38.0,0,95.0,120.0,12.5,47.0,1,5.0,0
167,118.0,0,34.0,114.0,37.0,0,85.0,114.0,12.0,47.0,0,5.0,0
168,127.0,0,40.0,122.0,35.0,0,100.0,111.0,13.0,51.0,0,12.0,0
169,120.0,0,51.0,116.0,36.0,0,94.0,113.0,13.0,49.0,0,7.0,0
170,107.0,0,18.0,99.0,35.0,0,91.0,111.0,11.0,42.0,0,10.0,0
171,115.0,0,29.0,107.0,35.0,0,84.0,104.0,12.0,42.0,1,5.0,0
172,109.0,0,21.0,102.0,33.0,0,86.0,104.0,12.0,42.0,0,10.0,0
173,104.0,0,19.5,93.0,32.0,0,78.0,92.0,11.0,40.0,0,11.0,0
174,123.0,0,34.5,108.0,35.0,0,85.0,115.0,12.0,41.5,0,5.0,0
175,123.0,0,26.0,101.3,3.0,0,81.0,97.0,15.0,41.0,0,10.0,0
176,123.0,0,29.0,104.0,34.0,0,84.0,115.0,11.5,41.0,0,10.0,0
177,123.6,1,34.0,115.0,37.0,0,82.0,121.0,13.0,45.0,0,5.0,0
178,113.0,1,38.0,102.5,35.0,0,87.0,112.0,11.0,43.0,0,4.0,0
179,115.0,1,33.5,112.6,36.0,0,84.0,6.0,14.5,44.0,0,4.0,0
180,113.0,0,19.0,105.5,33.0,0,91.0,96.0,13.5,40.0,0,4.0,0
181,120.6,1,38.0,116.0,37.0,0,96.0,107.0,13.0,48.0,0,8.0,0
182,127.0,1,43.0,122.0,38.0,0,93.0,130.0,14.0,46.0,0,0.0,0
183,120.4,1,27.0,109.5,35.0,0,93.0,105.0,11.0,42.0,0,7.0,0
184,95.5,0,21.0,91.0,32.0,0,88.0,100.0,11.0,38.0,0,4.0,0
185,120.0,0,36.5,114.5,38.0,0,88.0,93.0,11.5,44.0,0,3.0,0
186,112.0,0,36.5,106.0,35.0,0,82.0,106.0,15.0,41.0,0,3.0,0
187,119.0,0,35.5,113.0,39.0,0,103.0,113.0,13.0,45.0,0,5.0,0
188,127.0,1,33.0,110.0,43.0,0,99.0,98.0,16.0,45.0,1,7.0,0
189,100.8,0,15.0,93.5,36.0,0,89.0,4.0,13.0,41.0,0,6.0,0
190,113.5,0,35.0,110.0,40.0,0,100.0,94.0,12.5,45.0,0,8.0,0
191,112.0,1,37.0,107.0,37.0,0,92.0,105.0,17.0,45.0,0,7.0,0
192,107.5,0,15.5,101.0,35.0,0,93.0,105.0,15.0,41.0,0,3.0,0
193,112.0,0,23.0,103.0,32.0,0,84.0,96.0,15.0,40.0,0,4.0,0
194,133.5,0,40.0,120.5,41.0,0,92.0,113.0,15.0,44.0,0,0.0,0
195,115.0,0,23.0,107.5,35.0,0,87.0,87.0,18.0,45.0,1,3.0,0
196,121.0,1,27.0,112.0,36.0,0,93.0,138.0,11.0,48.0,0,4.0,0
197,112.0,1,30.0,108.0,37.0,0,90.0,104.0,65.0,48.0,0,10.0,0
198,124.5,1,24.0,114.0,38.0,0,95.0,120.0,15.0,48.0,0,4.0,0
199,115.0,1,45.0,108.0,33.0,0,93.0,109.0,13.0,47.0,0,6.0,0
200,122.0,1,44.0,116.0,35.0,0,90.0,117.0,12.0,48.0,0,8.0,0
201,113.0,1,56.0,112.0,36.0,0,98.0,119.0,37.0,50.0,0,10.0,0
202,120.0,1,48.0,109.0,38.0,0,96.0,109.0,16.0,50.0,0,14.0,0
203,107.0,1,40.0,98.5,36.0,0,89.0,101.0,12.0,45.0,0,15.0,0
204,132.0,1,27.0,123.0,36.0,0,90.0,102.0,11.0,45.0,1,4.0,0
205,109.0,0,30.5,106.0,35.0,0,89.0,100.0,11.0,48.0,0,7.0,0
206,110.0,0,35.0,100.0,31.0,0,91.0,102.0,14.0,47.0,0,7.0,0
207,114.0,0,37.0,107.0,35.0,0,88.0,116.0,12.0,47.0,0,7.0,0
208,114.0,0,34.0,112.0,36.0,0,98.0,120.0,14.0,49.0,0,7.0,0
209,123.0,1,33.0,114.0,34.0,0,94.0,106.0,13.0,49.0,0,8.0,0
210,122.0,0,26.0,115.0,35.0,0,87.0,111.0,13.0,46.0,0,9.0,0
211,115.0,0,38.0,109.0,34.0,0,98.0,103.0,13.0,47.0,0,9.0,0
212,122.0,1,28.0,115.0,37.0,0,91.0,123.0,14.0,48.0,0,6.0,0
213,111.0,1,14.0,106.0,36.0,0,76.0,98.0,11.0,50.0,1,3.0,0
214,125.0,1,34.0,121.0,34.0,0,93.0,118.0,13.0,44.0,0,8.0,0
215,121.0,1,51.0,116.0,36.0,0,90.0,108.0,12.0,48.0,0,11.0,0
216,121.0,0,48.0,118.0,35.0,0,93.0,105.0,13.0,46.0,0,15.0,0
217,108.0,1,21.0,103.0,35.0,0,91.0,116.0,12.0,46.0,0,9.0,0
218,116.0,0,30.0,112.0,34.0,0,96.0,109.0,13.0,46.0,0,5.0,0
219,113.0,1,14.0,103.0,30.0,0,86.0,103.0,11.0,45.0,1,3.0,0
220,127.0,0,27.0,117.0,36.0,0,92.0,122.0,12.0,47.0,0,5.0,0
221,117.0,1,32.5,111.0,36.0,0,89.0,100.0,14.0,49.0,0,5.0,0
222,117.0,1,35.0,115.0,34.0,0,95.0,108.0,17.0,50.0,0,7.0,0
223,117.0,1,27.0,109.0,34.0,0,93.0,101.0,13.0,48.0,0,10.0,0
224,121.0,1,36.0,116.0,35.0,0,101.0,122.0,11.0,52.0,0,8.0,0
225,119.0,1,33.5,114.0,34.0,0,98.0,101.0,13.0,48.0,0,5.0,0
226,106.0,1,35.0,100.0,37.0,0,75.0,96.0,11.0,45.0,0,10.0,0
227,112.0,0,32.0,108.0,36.0,0,89.0,94.0,10.0,47.0,0,11.0,0
228,111.0,0,34.5,107.0,36.0,0,90.0,96.0,12.0,46.0,0,8.0,0
229,110.0,0,42.0,105.0,34.0,0,92.0,107.0,13.0,45.0,0,11.0,0
230,117.0,1,32.0,108.0,35.0,0,85.0,110.0,13.0,47.0,0,7.0,0
231,120.0,1,52.0,114.0,38.0,0,92.0,120.0,15.0,43.0,0,7.0,0
232,111.0,0,26.0,109.0,33.0,0,91.0,98.0,11.0,46.0,0,4.0,0
233,112.0,0,24.5,107.0,35.0,0,88.0,98.0,13.0,44.0,0,6.0,0
234,113.0,0,27.0,105.0,33.0,0,84.0,108.0,10.0,46.0,0,3.0,0
235,116.0,1,41.0,109.0,36.0,0,95.0,115.0,13.0,47.0,0,10.0,0
236,117.0,1,35.0,112.0,34.0,0,100.0,119.0,14.0,47.0,0,8.0,0
237,117.0,1,41.0,113.0,34.0,0,83.0,100.0,14.0,47.0,0,8.0,0
238,123.0,1,56.0,117.0,37.0,0,88.0,99.0,15.0,48.0,0,10.0,0
239,114.0,1,16.0,109.0,36.0,0,81.0,90.0,16.0,47.0,1,3.0,0
240,123.0,0,51.0,116.0,38.0,0,96.0,115.0,13.0,48.0,0,7.0,0
241,99.0,0,33.0,98.0,32.0,0,77.0,102.0,12.0,43.0,0,6.0,0
242,100.0,0,14.0,93.0,36.0,0,83.0,100.0,13.0,40.0,1,3.0,1
243,98.5,0,14.0,100.0,38.0,0,77.0,100.0,15.0,39.0,1,4.0,1
244,91.0,0,6.0,91.5,33.0,0,71.0,73.0,14.0,36.0,1,4.0,1
245,88.5,0,14.0,90.0,34.0,0,74.0,82.0,13.0,37.0,1,3.0,1
246,106.0,0,22.0,101.0,38.0,0,79.0,101.0,14.0,44.0,1,5.0,1
247,96.0,0,13.0,92.5,35.0,0,67.0,85.0,12.0,38.0,1,4.0,1
248,104.0,0,24.0,102.0,35.0,0,80.0,106.0,13.5,43.0,1,6.0,1
249,98.0,0,12.0,92.5,36.0,0,99.0,92.0,12.0,37.0,1,4.0,1
250,127.0,1,43.0,115.0,38.0,0,95.0,107.0,14.0,48.0,0,8.0,0
251,117.0,1,20.0,114.0,37.0,0,83.0,109.0,12.0,46.0,0,6.0,0
252,121.0,0,24.0,105.0,34.0,0,86.0,108.0,15.0,45.0,0,6.0,0
253,121.0,1,23.5,106.0,35.0,0,86.0,112.0,14.0,44.0,0,6.0,0
254,130.0,0,32.0,107.0,40.0,0,89.0,97.0,14.0,46.0,0,9.0,0
255,121.0,1,44.0,114.0,37.0,0,91.0,121.0,13.0,47.0,0,8.0,0
256,128.0,1,44.0,111.0,38.0,0,87.0,116.0,14.0,46.0,0,8.0,0
257,128.0,1,22.0,111.0,36.0,0,89.0,107.0,14.0,47.0,1,3.0,0
258,131.0,1,27.0,108.0,39.0,0,90.0,105.0,12.0,45.0,0,6.0,0
259,120.0,1,22.0,112.0,37.0,0,87.0,107.0,14.0,46.0,1,3.0,0
260,111.0,0,25.0,106.0,37.0,0,82.0,106.0,14.0,45.0,0,5.0,0
261,116.0,1,28.0,108.0,36.0,0,90.0,114.0,11.0,44.0,0,7.0,0
262,117.0,1,40.0,111.0,36.0,0,85.0,126.0,18.0,47.0,0,8.0,0
263,110.0,1,21.0,106.0,34.0,0,94.0,107.0,13.0,45.0,0,7.0,0
264,105.0,1,9.0,103.0,30.0,0,74.0,92.0,13.0,41.0,1,3.0,0
265,110.0,1,24.0,105.0,34.0,0,86.0,108.0,15.0,45.0,1,4.0,0
266,131.0,1,32.0,127.0,43.0,0,94.0,128.0,18.0,49.0,1,6.0,0
267,105.0,1,21.0,102.0,36.0,0,79.0,105.0,14.0,45.0,1,3.0,0
268,112.0,1,24.0,115.0,40.0,0,97.0,95.0,15.0,51.0,1,10.0,0
269,97.0,0,12.0,96.0,40.0,2,76.0,69.0,10.0,39.0,1,6.0,0
270,119.0,1,12.0,113.0,36.0,2,88.0,81.0,12.0,44.0,1,5.0,0
271,100.0,0,21.0,103.0,37.0,2,78.0,76.0,7.0,41.0,0,6.0,0
272,106.0,0,16.0,97.0,40.0,2,76.0,82.0,10.0,42.0,0,6.0,0
273,105.0,0,12.0,96.0,34.0,2,81.0,77.0,9.0,40.0,0,4.0,0
274,88.0,0,12.0,86.0,31.0,2,78.0,63.0,6.0,39.0,1,4.0,0
275,102.0,0,26.0,102.0,34.0,2,76.0,76.0,9.0,41.0,0,6.0,0
276,100.0,0,7.0,99.0,36.0,2,81.0,70.0,13.0,43.0,0,8.0,0
277,95.0,0,20.0,91.0,37.0,2,79.0,64.0,13.0,39.0,0,6.0,0
278,101.0,0,22.0,103.0,37.0,2,81.0,77.0,8.0,41.0,0,6.0,0
279,99.0,0,23.0,94.0,38.0,2,73.0,76.0,8.0,42.0,0,10.0,0
280,101.0,0,22.0,112.0,38.0,2,94.0,77.0,9.0,42.0,0,12.0,0
281,122.0,1,21.0,114.0,33.0,2,79.0,108.0,15.0,47.0,1,5.0,0
282,112.0,1,19.0,114.0,34.0,0,82.0,101.0,15.0,46.0,1,4.0,0
283,91.0,1,9.0,89.0,35.0,0,71.0,56.0,12.0,38.0,1,4.0,0
284,94.0,1,9.0,87.0,35.0,0,74.0,51.0,8.0,40.0,0,6.0,0
285,99.0,1,6.0,95.0,36.0,0,85.0,75.0,12.0,42.0,0,7.0,0
286,95.0,1,9.0,92.0,35.0,0,69.0,53.0,8.0,40.0,0,3.0,0
287,115.0,1,24.0,114.0,35.0,0,80.0,96.0,13.0,45.0,0,5.0,0
288,91.0,1,10.0,92.0,36.0,2,75.0,60.0,12.0,36.0,1,4.0,0
289,90.0,1,20.0,91.0,34.0,2,80.0,95.0,15.0,46.0,1,4.0,0
290,96.0,1,8.0,92.0,34.0,0,80.0,53.0,11.0,40.0,0,5.0,0
291,98.0,1,4.0,93.0,35.0,0,65.0,72.0,12.0,42.0,0,6.0,0
292,115.0,1,39.0,113.0,34.0,0,82.0,109.0,12.0,45.0,0,6.0,0
293,123.0,1,25.0,115.0,34.0,0,79.0,82.0,12.0,44.0,0,5.0,0
294,119.0,1,39.0,117.0,37.0,1,100.0,105.0,13.0,48.0,0,12.0,0
295,99.0,0,18.0,98.0,33.0,0,77.0,90.0,12.0,40.0,1,5.0,0
296,94.0,0,26.0,93.0,34.0,0,74.0,77.0,12.0,41.0,0,10.0,0
297,116.0,1,32.0,110.0,35.0,0,83.0,85.0,12.0,49.0,1,4.0,0
298,115.0,1,30.0,108.0,37.0,0,76.0,86.0,13.0,47.0,1,4.0,0
299,118.0,1,29.0,112.0,37.0,0,98.0,92.0,13.0,47.0,0,5.0,0
300,119.0,1,28.0,112.0,37.0,0,90.0,89.0,14.0,47.0,0,5.0,0
301,118.0,1,21.0,109.0,38.0,0,82.0,95.0,12.0,48.0,1,3.0,0
302,114.0,1,16.0,107.0,33.0,0,84.0,90.0,12.0,43.0,1,4.0,0
303,120.0,1,29.0,113.0,37.0,0,88.0,96.0,12.0,50.0,1,7.0,0
304,115.0,0,16.0,113.0,36.0,0,87.0,88.0,10.0,47.0,1,4.0,0
305,122.0,0,26.0,121.0,37.0,0,93.0,87.0,12.0,47.0,1,6.0,0
306,108.0,0,19.0,103.0,35.0,0,84.0,76.0,10.0,41.0,1,4.0,0
307,116.0,1,39.0,115.0,36.0,0,85.0,84.0,8.0,44.0,0,13.0,0
308,118.0,1,35.0,114.0,36.0,0,87.0,113.0,11.0,48.0,0,16.0,0
309,114.0,1,29.0,112.0,32.0,0,82.0,101.0,11.0,44.0,0,6.0,0
310,116.0,1,34.0,111.0,36.0,0,84.0,112.0,13.0,48.0,0,12.0,0
311,111.0,1,19.0,110.0,37.0,0,75.0,100.0,15.0,47.0,0,13.0,0
312,117.0,1,29.0,114.0,38.0,1,85.0,110.0,12.0,47.0,0,5.0,0
313,119.0,0,44.0,101.0,38.0,0,92.0,63.0,13.0,48.0,0,5.0,0
314,120.0,0,45.0,119.0,38.0,1,85.0,65.0,14.0,49.0,0,5.0,0
315,117.0,0,42.0,105.0,37.0,0,108.0,72.0,14.0,47.0,0,5.0,0
316,96.0,0,14.0,98.0,39.0,0,76.0,63.0,11.0,42.0,0,5.0,0
317,98.0,0,15.0,97.0,40.0,0,76.0,64.0,11.0,44.0,0,6.0,0
318,117.0,0,29.0,109.0,37.0,0,95.0,90.0,14.0,47.0,0,6.0,0
319,110.0,0,40.0,103.0,36.0,0,83.0,59.0,12.0,41.0,0,4.0,0
320,110.0,0,40.0,99.0,38.0,0,81.0,67.0,14.0,42.0,0,3.0,0
321,114.0,0,38.0,99.0,36.0,0,88.0,65.0,13.0,41.0,0,6.0,0
322,119.0,1,35.0,116.0,38.0,0,86.0,109.0,11.0,46.0,0,7.0,0
323,121.0,1,31.0,113.0,34.0,0,86.0,116.0,13.0,48.0,0,8.0,0
324,115.0,1,20.0,107.0,35.0,0,72.0,101.0,16.0,44.0,1,3.0,0
325,121.0,1,27.0,115.0,37.0,0,78.0,93.0,12.0,49.0,1,4.0,0
326,125.0,1,33.0,117.0,38.0,0,103.0,103.0,14.0,51.0,0,8.0,0
327,127.0,1,57.0,118.0,47.0,0,94.0,101.0,22.0,53.0,0,12.0,0
328,121.0,1,33.0,114.0,38.0,0,91.0,118.0,12.0,49.0,0,8.0,0
329,124.0,1,36.0,117.0,35.0,0,72.0,92.0,11.0,47.0,0,8.0,0
330,126.0,1,31.0,117.0,35.0,0,86.0,86.0,11.0,47.0,0,8.0,0
331,119.0,1,36.0,111.0,37.0,0,85.0,102.0,12.0,46.0,0,4.0,0
332,125.0,1,27.0,122.0,42.0,0,92.0,75.0,12.0,52.0,0,5.0,0
333,116.0,0,23.0,107.0,37.0,1,83.0,92.0,14.0,45.0,0,4.0,0
334,121.0,1,34.0,115.0,36.0,0,86.0,86.0,13.0,48.0,0,4.0,0
335,107.0,0,18.0,105.0,35.0,0,82.0,99.0,12.0,43.0,1,4.0,0
336,103.0,1,16.0,102.0,35.0,0,76.0,95.0,12.0,42.0,1,4.0,0
337,121.0,1,28.0,117.0,33.0,0,89.0,104.0,11.0,45.0,0,5.0,0
338,104.0,0,27.0,101.0,32.0,0,82.0,130.0,11.0,43.0,0,6.0,0
339,107.0,0,32.0,107.0,33.0,0,33.0,113.0,13.0,44.0,0,6.0,0
340,109.0,1,31.0,111.0,40.0,1,85.0,108.0,13.0,41.0,0,9.0,0
341,109.0,0,16.0,105.0,36.0,0,80.0,99.0,10.0,42.0,0,7.0,0
342,103.0,0,18.0,104.0,36.0,0,83.0,87.0,11.0,44.0,0,11.0,0
343,115.0,0,27.0,111.0,38.0,0,85.0,112.0,11.0,47.0,0,8.0,0
344,108.0,0,27.0,101.0,36.0,0,85.0,78.0,11.0,44.0,0,10.0,0
345,107.0,0,30.0,106.0,38.0,0,87.0,82.0,10.0,44.0,0,11.0,0
346,107.0,0,18.0,103.0,35.0,0,93.0,79.0,12.0,41.0,0,10.0,0
347,105.0,0,27.0,103.0,36.0,0,82.0,93.0,10.0,40.0,0,5.0,0
348,87.0,0,26.0,100.0,30.0,0,81.0,82.0,11.0,39.0,0,2.0,0
349,87.0,0,26.0,100.0,30.0,0,85.0,81.0,11.0,40.0,0,3.0,0
350,115.0,0,18.0,114.0,36.0,0,88.0,100.0,13.0,43.0,1,8.0,0
351,114.0,0,21.0,122.0,39.0,0,98.0,95.0,14.0,46.0,1,10.0,0
352,114.0,0,20.0,112.0,38.0,0,94.0,98.0,14.0,45.0,1,8.0,0
353,128.0,0,34.0,114.0,42.0,0,85.0,130.0,19.0,54.0,1,3.5,0
354,122.0,1,22.0,113.0,36.0,0,76.0,108.0,14.0,46.0,1,3.0,0
355,115.0,1,23.0,107.0,38.0,0,92.0,108.0,12.0,47.0,1,3.0,0
356,113.0,1,10.0,105.0,35.0,0,83.0,99.0,14.0,44.0,1,3.0,0
357,112.0,1,35.0,104.0,33.0,0,87.0,104.0,13.0,44.0,0,6.0,0
358,117.0,1,49.0,111.0,38.0,0,96.0,123.0,15.0,46.0,0,15.0,0
359,115.0,1,25.0,110.0,37.0,0,96.0,114.0,14.0,46.0,0,6.0,0
360,119.0,1,43.0,110.0,38.0,0,86.0,116.0,13.0,48.0,0,7.0,0
361,110.0,1,24.0,106.0,37.0,0,87.0,107.0,13.0,45.0,0,4.0,0
362,103.0,1,36.0,108.0,34.0,0,88.0,104.0,14.0,44.0,0,6.0,0
363,122.0,1,23.0,111.0,37.0,0,77.0,107.0,15.0,47.0,1,4.0,0
364,129.0,1,33.0,122.0,41.0,0,94.0,129.0,18.0,53.0,1,3.0,0
365,115.0,1,25.0,114.0,36.0,0,90.0,111.0,14.0,46.0,1,3.0,0
366,127.0,1,35.0,121.0,38.0,0,79.0,114.0,14.0,47.0,0,12.0,0
367,117.0,1,29.0,114.0,36.0,0,83.0,106.0,14.0,45.0,0,5.0,0
368,121.0,1,37.0,117.0,36.0,0,93.0,117.0,12.0,47.0,0,6.0,0
369,125.0,1,35.0,118.0,38.0,0,90.0,115.0,13.0,46.0,0,6.0,0
370,132.0,1,35.0,129.0,39.0,0,94.0,122.0,16.0,51.0,0,9.0,0
371,123.0,1,47.0,117.0,37.0,0,84.0,110.0,12.0,47.0,0,10.0,0
372,119.0,1,36.0,116.0,36.0,0,94.0,110.0,12.0,50.0,0,7.0,0
373,114.0,1,22.0,114.0,38.0,0,93.0,97.0,12.0,45.0,0,6.0,0
374,104.0,1,35.0,101.0,36.0,0,75.0,80.0,11.0,44.0,0,11.0,0
375,123.0,1,29.0,117.0,40.0,0,90.0,86.0,11.0,47.0,0,6.0,0
376,132.0,1,15.0,126.0,43.0,0,85.0,81.0,14.0,48.0,1,4.0,0
377,128.0,1,47.0,113.0,41.0,0,89.0,59.0,12.0,50.0,0,8.0,0
378,128.0,1,38.0,121.0,40.0,0,92.0,129.0,14.0,48.0,0,8.0,0
379,129.0,1,43.0,123.0,38.0,0,99.0,124.0,15.0,50.0,0,6.0,0
380,123.0,1,20.0,117.0,43.0,0,98.0,127.0,16.0,48.0,1,5.0,0
381,129.0,1,31.0,120.0,42.0,0,99.0,126.0,17.0,48.0,1,5.0,0
382,115.0,0,41.0,108.0,36.0,0,93.0,120.0,14.0,47.0,0,10.0,0
383,125.0,0,39.0,119.0,41.0,0,96.0,134.0,16.0,47.0,0,7.0,0
384,121.0,0,35.5,113.0,36.0,0,89.0,105.0,13.5,46.0,0,8.0,0
385,125.0,1,47.0,16.0,41.0,0,107.0,115.0,13.0,50.0,0,10.0,0
386,119.0,1,22.0,117.0,37.0,0,83.0,117.0,17.0,47.0,1,4.5,0
387,128.0,1,31.0,121.0,42.0,0,98.0,124.0,14.0,49.0,1,6.0,0
388,117.0,1,31.0,116.0,39.0,0,84.0,115.0,15.0,46.0,1,6.0,0
389,122.0,1,33.0,113.0,36.0,0,96.0,119.0,13.0,44.0,0,6.0,0
390,126.0,1,47.0,119.0,38.0,0,95.0,124.0,15.0,47.0,0,9.0,0
391,122.0,1,41.0,119.0,36.0,0,88.0,119.0,14.0,48.0,0,7.0,0
392,120.0,1,40.0,115.0,36.0,0,94.0,120.0,15.0,46.0,0,8.0,0
393,117.0,1,20.0,113.0,37.0,0,92.0,122.0,17.0,44.0,1,3.0,0
394,117.0,1,36.0,108.0,36.0,0,88.0,115.0,12.0,42.0,0,12.0,0
395,116.0,1,31.5,114.0,37.0,0,88.0,117.0,16.0,46.0,0,7.0,0
396,116.0,1,14.0,105.0,34.0,0,89.0,83.0,15.0,43.0,1,3.0,0
397,123.0,1,17.0,120.0,36.0,0,88.0,88.0,12.0,47.0,1,4.0,0
398,118.0,1,12.0,107.0,36.0,0,87.0,77.0,11.0,46.0,1,4.0,0
399,120.0,1,14.0,113.0,34.0,0,82.0,68.0,12.0,41.0,1,3.0,0
400,119.0,1,10.0,116.0,37.0,1,91.0,69.0,13.0,43.0,1,3.0,0
401,129.0,1,32.0,123.0,45.0,0,94.0,106.0,12.0,50.0,1,5.0,0
402,131.0,1,27.0,121.0,39.0,0,101.0,75.0,15.0,48.0,0,9.0,0
403,129.0,1,30.0,119.0,36.0,0,92.0,89.0,14.0,46.0,0,7.0,0
404,125.0,1,32.0,115.0,38.0,0,93.0,90.0,14.0,47.0,0,10.0,0
405,117.0,1,40.0,108.0,37.0,0,92.0,103.0,14.0,46.0,0,6.0,0
406,117.0,1,27.0,112.0,37.0,0,89.0,104.0,17.0,45.0,0,5.0,0
407,117.0,0,42.0,108.0,38.0,0,88.0,124.0,12.0,47.0,0,6.0,0
408,122.0,0,38.0,117.0,36.0,0,97.0,119.0,13.0,46.0,0,8.0,0
409,123.0,1,36.0,117.0,39.0,1,96.0,92.0,15.0,46.0,0,5.0,0
410,124.0,1,32.0,119.0,39.0,0,98.0,95.0,17.0,49.0,0,9.0,0
411,128.0,1,43.0,122.0,37.0,0,105.0,93.0,15.0,48.0,0,11.0,0
412,120.0,1,33.0,115.0,37.0,0,92.0,72.0,14.0,48.0,0,8.0,0
413,123.0,1,48.0,116.0,39.0,0,103.0,93.0,16.0,49.0,0,7.0,0
414,123.0,1,29.0,115.0,37.0,0,85.0,98.0,14.0,44.0,0,9.0,0
415,119.0,1,24.0,112.0,36.0,0,81.0,91.0,15.0,44.0,0,5.0,0
416,125.0,1,37.0,120.0,39.0,0,102.0,94.0,14.0,46.0,0,9.0,0
417,124.0,1,43.0,119.0,39.0,0,96.0,86.0,16.0,50.0,0,6.0,0
418,124.0,1,39.0,118.0,41.0,0,94.0,113.0,17.0,52.0,0,10.0,0
419,119.0,1,28.0,117.0,37.0,0,94.0,75.0,14.0,47.0,0,7.0,0
420,120.0,1,33.0,119.0,37.0,0,102.0,140.0,18.0,47.0,0,7.0,0
421,119.0,1,27.0,116.0,36.0,0,93.0,103.0,15.0,45.0,0,10.0,0
422,119.0,1,29.0,116.0,38.0,0,92.0,73.0,12.0,42.0,0,15.0,0
423,113.0,1,29.0,114.0,36.0,0,90.0,84.0,14.0,47.0,0,5.0,0
424,112.0,1,22.0,109.0,38.0,0,87.0,78.0,14.0,44.0,0,6.0,0
425,117.0,1,20.0,100.0,37.0,0,92.0,122.0,17.0,44.0,1,3.0,0
